MENU_ID	LVL	NAME	PATH
TMS	1	TMS
SIM	2	간편 오더
ordSimSearch	3	간편 오더 조회	order/door/simple/ordSimSearch
ordSimRequest	3	간편 오더 등록	order/door/simple/ordSimRequest
EO	2	수출 오더
EO_100010	3	수출오더조회	order/door/export/orderSearch
EO_100030	3	수출오더등록	order/door/export/orderRequest
EO_100040	3	고객사 수출 오더 조회	order/door/export/orderSearchMgt
EO_100020	3	고객사 수출 오더 상세	order/door/export/orderRequestMgt
IO	2	수입 오더
IO_100010	3	수입오더조회	order/door/import/orderSearch
IO_100030	3	수입오더등록	order/door/import/orderRequest
IO_100020	3	고객사 수입 오더 조회	order/door/import/orderSearchMgt
IO_100040	3	고객사 수입 오더 상세	order/door/import/orderRequestMgt
TM	2	배차 관리
TM_100010	3	배차 현황 조회	allocation/door/alloStatusSearch
TM_100030	3	차량 할당 (수출)	allocation/door/allocationTruck
TM_100020	3	차량 할당 (수입)	allocation/door/allocationTruckImport
TM_100012	3	직접 배차 및 코피노	allocation/door/directAlloAndCopino
TM_1000013	3	도어배차	allocation/door/directAlloAndCopinoV2
SO	2	셔틀 오더
SO_110000	3	셔틀오더 등록 및 조회	order/shuttle/orderRequestMgt
SO_120000	3	셔틀배차	allocation/shuttle/allocationTruck
ShutTotalOutputMgt	3	실적통합관리(셔틀)	outputs/shutTotalOutputMgt
GroupOrderRegist	3	그룹오더생성	allocation/shuttle/GroupOrderRegist
GroupOrderAllocation	3	그룹오더배차	allocation/shuttle/GroupOrderAllocation
GroupOrderStatus	3	그룹오더 진행상태 및 변경	allocation/shuttle/GroupOrderStatus
shuttleOrderClosingList	3	셔틀 Daily Closing List	order/shuttle/orderClosingList
BndCntrMgt	3	전배보세 등록	order/shuttle/BndCntrMgt
OP	2	실적관리
OP_100020	3	통합 오더 조회	order/door/total/orderSearchMgt
OP_100010	3	실적통합관리	outputs/totalOutputMgt
OP_110010	3	거래처별 청구집계	outputs/billingTot/billTotByAcc
PayApprMgt	3	하불승인	outputs/payApprMgt
OP_120000	3	하불집계
OP_120010	4	매입처현황	outputs/payTot/payCorpStatus
OP_120020	4	차량별 정산서	outputs/payTot/stateOfAccByVehicle
OP_130000	3	경영정보
OP_130010	4	차량매출	outputs/management/vhcSales
OP_130020	4	손익현황	outputs/management/profitNLossStat
OP_130050	4	오더접수현황	outputs/management/orderRecvSt
OP_130060	4	용차사 매출입현황	outputs/management/hiredCarCorpBillPaySt
OP_130070	4	차량별 지급 공제관리	outputs/management/vhcPayDdcMgt
OP_130080	4	차량별 운행실적 (배차형평성)	outputs/management/vhcTrcStat
OP_130090	4	실시간 차량 매출 현황	outputs/management/rtVhcRevSt
OP_140000	3	통계
OP_140010	4	월별&업체별 매출현황	outputs/statistics/monNCorpBillSt
OP_140020	4	월별&업체별 실적현황	outputs/statistics/monNCorpPFMSt
OP_140040	4	기간별&업체별 하불현황	outputs/statistics/termNCorpPaySt
OP_140080	4	청구처별 미수현황	outputs/statistics/billCorpByUnpaidSt
OP_140090	4	점소별 영업이익 현황	outputs/statistics/pointByPFMSt
OP_140110	4	영업담당자별 매출현황	outputs/statistics/opPicByBillSt
OP_140120	4	영업사원 실적현황	outputs/statistics/opPicPFMSt
OP_140130	4	(영업) 월별&업체별 실적현황	outputs/statistics/opMonNCorpPFMSt
OP_140140	4	(영업) 영업사원 실적현황	outputs/statistics/opOpPicPFMSt
monPointSt	3	당월 포인트 현황	outputs/monPointSt
SM	2	정산관리
SM_110000	3	일반청구
SM_110010	4	청구마감	sm/generalBilling/billingClosing
LargeBillingClosing	4	청구마감(대용량)	sm/generalBilling/LargeBillingClosing
SM_110020	4	청구현황	sm/generalBilling/billingStatus
SM_110030	4	전자세금계산서 관리	sm/generalBilling/taxMgt
SM_110050	4	미청구 및 이월청구 조회	sm/generalBilling/carrybillingList
SM_120000	3	일반하불
SM_120005	4	하불확정(대용량)	sm/generalPayment/paymentConf
SM_120010	4	하불마감 및 현황	sm/generalPayment/paymentClosing
SM_120020	4	매입세금계산서	sm/generalPayment/taxMgt
SM_130000	3	선사BILL
SM_130010	4	BILL청구	sm/lineBill/billMgt
TransSpec	3	거래명세서	sm/TransSpec
TransSpecPtn	3	거래명세서(협력사)	sm/TransSpecPtn
SM_160000	3	수금관리
SM_160020	4	거래처별 청구수금 명세서	sm/collect/billCollectByAcc
ProxyList	3	대납리스트	sm/proxy/proxyList
BT	2	보세운송
BT_130000	3	보세운송 전송 및 관리	bnd/BndTransMgt
BT_140000	3	정정신고 송수신	bnd/BndUpdate
BT_110000	3	적하목록 업로드	bnd/MfcsUpload
BT_120000	3	적하목록 조회	bnd/MfcsSearch
BT_V2	2	보세운송_V2
BndTransMgt-v2	3	보세운송 전송 및 관리_V2	bnd-v2/BndTransMgt-v2
BndUpdate-v2	3	정정신고 송수신_V2	bnd-v2/BndUpdate-v2
BndOpenTrans	3	임시개청신청	bnd-v2/BndOpenTrans
DB	2	고객센터
DB_100010	3	공지사항	db/notice
DB_100011	3	고객사 공지사항	dsh/dashboard/customNoticeList
DB_100020	3	FAQ	db/faq
DB_100040	3	안전운임제	db/tariff
DB_100050	3	컨테이너 정보	db/containerInfo
TMS_MA	2	TMS 기준정보
MA_1100000	3	오더 기준정보
MA_1100090	4	셔틀 권역관리	mdm/code/MdmShtlRegionMgt
MA_1100020	4	작업지 관리	mdm/customer/MdmWorkPlace
MA_1100070	4	화주 관리	mdm/customer/MdmShipper
MA_1100120	4	고객사 메일관리	mdm/customer/MdmCustomerMail
MA_1100110	4	오더 공유팀 관리	mdm/code/MdmOrdTeamMgt
MA_1100050	4	즐겨찾기	cms/comm/CmsFavoritesMgt
MA_1100100	4	타리프 관리	mdm/tariff/MdmTariffMgtV2
MA_1200000	3	배차 기준정보
MA_1200030	4	장비관리	mdm/code/MdmEqpMgt
MA_1200031	4	장비내역 수리관리	mdm/code/MdmEqpRepairMgt
MA_1200040	4	배차 팀 관리	mdm/code/MdmAlloMgt
CFS	1	CFS
CFS_CLERK	2	수출업무[LCL]
FRcvCOrdReqMgt	3	입고오더등록 (클락)	cfs/FRcvCOrdReqMgt
FRcvCOrdSchMgt	3	입고오더조회 (클락)	cfs/FRcvCOrdSchMgt
FClpFclMgt	3	컨테이너적입관리 (FCL)	cfs/FClpFclMgt
FClpLclMgt	3	컨테이너적입관리 (LCL)	cfs/FClpLclMgt
FClpSchMgt	3	컨테이너적입현황 조회	cfs/FClpSchMgt
FCertMgt	3	CERTIFICATE 관리	cfs/FCertMgt
FTrfCrgIsuMgt	3	기타이고반출 관리	cfs/FTrfCrgIsuMgt
FRcvCOrdSchList	3	입고현황조회(고객용)	cfs/FRcvCOrdSchList
CFS_FCL	2	수출업무[FCL]
FRcvHOrdReqMgt	3	입고오더등록 (현수)	cfs/FRcvHOrdReqMgt
FRcvHOrdMgt	3	입고오더관리 (현수)	cfs/FRcvHOrdMgt
FRcvHOrdSchMgt	3	입고컨테이너관리 (현수)	cfs/FRcvHOrdSchMgt
FRcvHOrdTransSttMgt	3	거래명세서 관리(현수)	cfs/FRcvHOrdTransSttMgt
FCntrCarryMgt	3	컨테이너 반출입 관리	cfs/FCntrCarryMgt
CFS_DOMESTIC	2	수입업무[내국화물]
FCntrDBRgstMgt	3	컨테이너 DB 등록	cfs/FCntrDBRgstMgt
FCntrDBListMgt	3	컨테이너 DB리스트	cfs/FCntrDBListMgt
FOrdMgt	3	내장통관직상차 관리	cfs/FOrdMgt
FBltCustTransSttMgt	3	내장통관 거래명세서 관리	cfs/FBltCustTransSttMgt
CFS_ALLO	2	배차관리
FShipOrdMgt	3	Shipping Order 관리	cfs/FShipOrdMgt
FExAlloMgtP	3	배차관리(수출) 픽업	cfs/FExAlloMgtP
FExAlloMgtR	3	배차관리(수출) 반입	cfs/FExAlloMgtR
FImAlloMgt	3	배차관리(수입)	cfs/FImAlloMgt
FPrismGateLogMgt	3	게이트로그 프리즘 3.0	cfs/FPrismGateLogMgt
CFS_COMMON	2	공통업무
FCfsTariffMgt	3	CFS 요율관리	cfs/FCfsTariffMgt
FCntrDailyMov	3	컨테이너 Movement	cfs/FCntrDailyMov
FBillCollStatus	3	청구 및 수금현황	cfs/FBillCollStatus
FOtherTransSttMgt	3	기타 거래명세서 관리	cfs/FOtherTransSttMgt
FTotSaleStatus	3	통합 매출 조회	cfs/FTotSaleStatus
FSalesTaxMgt	3	매출세금계산서 관리	cfs/FSalesTaxMgt
BwsPicPFList	3	(CFS) CFS 영업사원 실적현황	bws/BwsPicPFList
CFS_MA	3	CFS 기준정보
MdmCfsRegionMgt	4	CFS 권역관리	mdm/code/MdmCfsRegionMgt
MdmCfsTariffMgt	4	CFS 타리프 관리	mdm/tariff/MdmCfsTariffMgt
MdmCountry	4	국가코드 관리	mdm/code/MdmCountryMgt
MdmCarrier	4	선사/항공사 관리	mdm/code/MdmCarrierMgt
MdmCurrency	4	통화코드 관리	mdm/code/MdmCurrencyMgt
MdmWarehouseMgt	4	창고 코드 관리	mdm/code/MdmWarehouseMgt
FShprMgt	4	CFS 화주 관리	cfs/FShprMgt
FCfsSalesItemMgt	4	영업창고 상품코드	cfs/FCfsSalesItemMgt
CFS_SALES	2	CFS영업창고
FCfsSalesInMgt	3	반입관리(영업창고)	cfs/FCfsSalesInMgt
FCfsSalesInSearch	3	반입조회(영업창고)	cfs/FCfsSalesInSearch
FCfsSalesOutMgt	3	반출관리(영업창고)	cfs/FCfsSalesOutMgt
FCfsSalesOutSearch	3	반출조회(영업창고)	cfs/FCfsSalesOutSearch
FCfsSalesStock	3	재고조회(영업창고)	cfs/FCfsSalesStock
FCfsSalesAcct	3	보관료 정산관리(영업창고)	cfs/FCfsSalesAcct
MA	1	공통 기준정보
MA_1200060	2	거래처 계약관리	mdm/customer/MdmContract
MA_1200010	2	배차차량 관리	mdm/code/MdmDspVhcMgt
MA_103000	2	위험물 관리	mdm/code/MdmImdgMgt
MA_101400	2	선사 관리	mdm/code/MdmLineMgt
MA_102000	2	포트 코드 관리	mdm/code/MdmPortMgt
MA_1200062	2	위수탁 및 장기용차 계약관리	mdm/customer/MdmVhcContract
MA_1200071	2	특이사항 관리대장	mdm/others/MdmInternalNote
MA_1200072	2	보관소 관리대장	mdm/others/MdmStorage
MA_1400010	2	장치장 관리	mdm/facl/MdmBndFaclMgt
MA_1100040	2	터미널 관리	mdm/terminal/MdmTerminalMgt
MdmVslMgt	2	모선 관리	mdm/code/MdmVslMgt
CM	1	시스템
CM_1100000	2	사용자 관리
CM_1100010	3	회사 관리	mdm/organization/MdmCorpMgt
CM_1100020	3	국양 직원 관리	cms/comm/CmsUserMgt
CM_1100030	3	고객사 직원 관리	cms/comm/CmsFwdUserMgt
CM_1100040	3	협력사 직원 관리	cms/comm/CmsPtnUserMgt
CM_1100050	3	사용자별 권한설정	mdm/user/MdmUserSetting
CM_990000	2	팝업관리(CM)
CmsFileAgentPopup	3	파일관리팝업	cms/popup/CmsFileAgentPopup
AlloStatusPopup	3	배차현황 팝업	allocation/popup/AlloStatusPopup
DV_160000	2	대시보드
Dsh01	3	Main	dsh/dashboard/Dsh01
LG	1	법제도이행관리
PerformDeclareMgt	2	실적신고관리	legal/PerformDeclareMgt
VhcLocTrckMgt	2	차량위치추적	legal/VhcLocTrckMgt
DV_170000	1	고객서비스관리	db/request
